EventID,Evaluation Status,Origin Date,Origin Time,Local Magnitude,Moment Magnitude,Latitude (WGS84),Latitude Error (km),Longitude (WGS84),Longitude Error (km),Depth of Hypocenter (Km.  Rel to MSL),Depth of Hypocenter (Km. Rel to Ground Surface),Depth Uncertainty (Km. Corresponds to 1 st dev),RMS,UsedPhaseCount,UsedStationCount,Author,EventType,LocationName,Nodal Plane 1 - Strike,Nodal Plane 1 - Dip,Nodal Plane 1 - Rake,Nodal Plane 2 - Strike,Nodal Plane 2 - Dip,Nodal Plane 2 - Rake,Focal Mechanism Method ID,Focal Mechanism - Azimuthal Gap,Focal Mechanism - Misfit,Maximum Station Distance (km),Minimum Station Distance (km),Last Updated
texnet2023uxbe,final,2023-10-25,05:24:47,2.1,,31.7154,0.2,-104.0144,0.3,7.3,8.3,0.5,0.2,75,42,TXNet,earthquake,Western Texas,,,,,,,,,,63.346540200426,2.42714476402965,2023-10-25 14:15:55
texnet2023uvrr,final,2023-10-24,11:30:42,2.3,,31.7181,0.3,-103.9938,0.3,6.2,7.1,0.6,0.1,29,21,TXNet,earthquake,Western Texas,,,,,,,,,,21.0778742002815,3.8240653845302996,2023-10-24 12:28:54
texnet2023utlg,final,2023-10-23,05:58:40,2.1,,31.7122,0.3,-104.0098,0.3,6.6,7.5,0.5,0.1,29,20,TXNet,earthquake,Western Texas,,,,,,,,,,20.189141268691497,2.9804916057115496,2023-10-23 12:10:43
texnet2023usyg,final,2023-10-22,23:25:12,2.8,,31.7161,0.3,-104.0044,0.3,5.6,6.6,0.6,0.1,30,20,TXNet,earthquake,Western Texas,,,,,,,,,,20.7266061040605,3.06185631638985,2023-10-23 11:00:49
texnet2023usxs,final,2023-10-22,23:08:08,2.3,,31.7148,0.3,-104.0078,0.3,5.4,6.3,0.7,0.1,33,21,TXNet,earthquake,Western Texas,,,,,,,,,,22.3293988329615,2.90390644309185,2023-10-23 14:39:00
texnet2023usxi,final,2023-10-22,22:56:00,1.9,,31.7134,0.4,-104.0142,0.4,5.8,6.8,0.7,0.2,36,24,TXNet,earthquake,Western Texas,,,,,,,,,,23.254418529279,2.6075694318848996,2023-10-23 14:09:15
texnet2023uswy,final,2023-10-22,22:45:11,2.3,,31.7138,0.3,-104.0101,0.3,5.1,6.1,0.6,0.1,34,21,TXNet,earthquake,Western Texas,,,,,,,,,,22.5706502403585,2.8303424397265498,2023-10-23 17:33:02
texnet2023uswp,final,2023-10-22,22:38:02,2.2,,31.7135,0.3,-104.0083,0.3,5.7,6.7,0.6,0.1,31,23,TXNet,earthquake,Western Texas,,,,,,,,,,21.107966536188,2.9731215154913997,2023-10-23 18:30:09
texnet2023usgg,final,2023-10-22,14:19:33,2.2,,31.7159,0.3,-104.0044,0.3,5.9,6.8,0.6,0.1,33,20,TXNet,earthquake,Western Texas,,,,,,,,,,23.216288807501996,3.07707589628145,2023-10-23 12:45:40
texnet2023usbd,final,2023-10-22,11:44:23,2.1,,31.7221,0.3,-103.9993,0.3,6.0,7.0,0.5,0.1,21,15,TXNet,earthquake,Western Texas,,,,,,,,,,16.616094820479,3.16752811173855,2023-10-23 18:21:26
texnet2023uqvw,final,2023-10-21,19:56:26,2.2,,31.7236,0.4,-103.9895,0.4,6.1,7.0,0.7,0.1,29,20,TXNet,earthquake,Western Texas,,,,,,,,,,21.8308759766055,4.0057142392827,2023-10-23 13:41:23
texnet2023uqvs,final,2023-10-21,19:51:33,3.0,,31.7205,0.2,-103.9958,0.2,6.7,7.7,0.4,0.1,53,31,TXNet,earthquake,Western Texas,,,,,,,,,,29.57249127546,3.5418853726829997,2023-10-23 20:47:54
texnet2023upza,final,2023-10-21,08:23:11,2.0,,31.7193,0.3,-103.9919,0.4,6.4,7.3,0.6,0.1,33,21,TXNet,earthquake,Western Texas,,,,,,,,,,21.391807852485,3.9376413986174996,2023-10-24 13:29:39
texnet2023upyp,final,2023-10-21,08:10:37,2.0,,31.7181,0.3,-103.9927,0.3,6.1,7.0,0.7,0.1,29,19,TXNet,earthquake,Western Texas,,,,,,,,,,21.219959994124498,3.9170527681508998,2023-10-23 18:06:49
texnet2023unng,final,2023-10-20,00:10:45,2.4,,31.7157,0.2,-103.9958,0.2,8.3,9.3,0.6,0.2,83,47,TXNet,earthquake,Western Texas,,,,,,,,,,100.283028810489,3.7761610629424496,2023-10-20 00:33:43
texnet2023unky,final,2023-10-19,23:00:48,2.3,,31.7150,0.2,-103.9969,0.3,6.1,7.0,0.4,0.1,29,21,TXNet,earthquake,Western Texas,,,,,,,,,,20.779977880462496,3.72713585238855,2023-10-20 17:20:04
texnet2023sytz,final,2023-09-27,16:59:35,1.9,,31.7195,0.4,-103.9992,0.4,7.0,8.0,0.6,0.1,23,19,TXNet,earthquake,Western Texas,,,,,,,,,,16.2040216844205,3.2970511111608,2023-09-28 12:52:42
texnet2023sufx,final,2023-09-25,05:20:56,2.3,,31.7153,0.4,-103.9970,0.5,6.7,7.7,0.7,0.1,27,22,TXNet,earthquake,Western Texas,,,,,,,,,,20.813627455614,3.6963490169749496,2023-09-25 14:10:58
texnet2023sudn,final,2023-09-25,04:09:13,2.6,,31.7190,0.5,-103.9981,0.5,6.3,7.3,0.9,0.1,25,21,TXNet,earthquake,Western Texas,,,,,,,,,,16.972343073882,3.4112164431806997,2023-09-25 15:03:05
texnet2022zfwj,final,2022-12-25,23:23:09,2.6,,31.7144,0.3,-104.0024,0.3,7.7,8.7,0.6,0.2,53,27,TXNet,earthquake,Western Texas,,,,,,,,,,30.492926857826998,,2023-01-01 22:32:19
texnet2022vqsj,final,2022-11-04,23:42:43,2.4,,31.7149,0.3,-104.0311,0.3,6.1,7.0,0.4,0.2,54,33,TXNet,earthquake,Western Texas,,,,,,,,,,0.3763016863,,2022-11-10 19:37:09
texnet2022vqjc,final,2022-11-04,19:01:10,2.1,,31.7143,0.6,-104.0239,0.5,6.1,7.0,0.8,0.2,21,11,TXNet,earthquake,Western Texas,,,,,,,,,,1.24142752,,2022-11-08 20:57:02
texnet2022uvtr,final,2022-10-24,12:31:11,2.2,,31.7075,0.7,-104.0158,0.5,8.3,9.2,1.2,0.2,24,14,TXNet,earthquake,Western Texas,,,,,,,,,,0.4272627651,,2022-10-24 22:54:34
texnet2022sssl,final,2022-09-24,09:25:03,2.1,,31.7223,0.5,-103.9884,0.5,8.8,9.8,1.0,0.2,25,20,TXNet,earthquake,Western Texas,,,,,,,,,,0.4399682909,,2022-09-26 06:25:58
texnet2022nvdw,final,2022-07-16,13:45:32,2.1,,31.7167,0.5,-103.9927,0.5,7.8,8.8,0.8,0.2,28,18,TXNet,earthquake,Western Texas,,,,,,,,,,1.378420715,,2022-07-18 16:41:56
texnet2022nuxh,final,2022-07-16,10:27:13,2.2,,31.7156,0.6,-104.0005,0.6,6.2,7.1,3.0,0.2,20,12,TXNet,earthquake,Western Texas,,,,,,,,,,0.3146861706,,2022-07-21 02:53:32
texnet2022ncpw,final,2022-07-06,10:15:17,2.1,,31.7109,0.6,-104.0080,0.6,7.0,7.9,2.4,0.2,21,12,TXNet,earthquake,Western Texas,,,,,,,,,,0.5033656902,,2022-07-08 12:48:00
texnet2022linl,final,2022-06-11,04:46:57,2.1,,31.7137,0.6,-104.0199,0.5,6.4,7.3,2.2,0.2,19,13,TXNet,earthquake,Western Texas,,,,,,,,,,0.4231794939,,2022-06-20 22:59:16
texnet2022liip,final,2022-06-11,02:19:17,2.4,,31.7061,0.4,-104.0120,0.5,8.0,9.0,1.0,0.1,20,15,TXNet,earthquake,Western Texas,,,,,,,,,,0.8145642986,,2022-06-20 23:15:33
texnet2022liic,final,2022-06-11,02:04:01,2.0,,31.7139,0.5,-104.0142,0.5,8.0,9.0,1.0,0.2,24,17,TXNet,earthquake,Western Texas,,,,,,,,,,0.5765428612,,2022-06-20 23:25:14
texnet2022kpsq,final,2022-05-31,21:49:03,2.2,,31.7018,1.3,-103.9918,0.9,7.7,8.6,2.8,0.2,19,12,TXNet,earthquake,Western Texas,,,,,,,,,,1.29630256,,2022-06-01 03:18:57
texnet2022khfw,final,2022-05-27,06:16:20,2.5,,31.7227,0.5,-103.9814,0.5,8.1,9.1,0.8,0.2,36,24,TXNet,earthquake,Western Texas,,,,,,,,,,0.8936984596,,2022-05-27 15:56:42
texnet2022hmfs,final,2022-04-17,07:15:45,2.2,,31.7015,0.9,-104.0093,1.4,8.0,8.9,0.9,0.3,19,15,TXNet,earthquake,Western Texas,,,,,,,,,,24.4514596023495,,2022-04-23 05:12:19
texnet2022byef,final,2022-01-28,10:55:48,2.1,,31.7061,0.6,-103.9975,0.6,7.9,8.8,0.7,0.1,22,15,TXNet,earthquake,Western Texas,,,,,,,,,,0.3541985188,,2022-01-31 00:01:47
texnet2022byde,final,2022-01-28,10:23:37,2.5,,31.7075,0.5,-103.9954,0.5,7.6,8.6,0.7,0.2,23,16,TXNet,earthquake,Western Texas,,,,,,,,,,0.3549460142,,2022-01-28 23:29:46
texnet2021vkgv,final,2021-11-01,11:03:31,1.9,,31.7112,0.4,-104.0061,0.5,7.4,8.3,0.6,0.1,26,20,TXNet,earthquake,Western Texas,,,,,,,,,,48.378445459092,,2021-11-02 19:24:07
texnet2021uuxz,final,2021-10-24,01:32:59,2.3,,31.7218,0.4,-103.9927,0.5,7.5,8.4,0.7,0.1,26,20,TXNet,earthquake,Western Texas,,,,,,,,,,48.510871298504995,,2021-10-29 14:26:21
texnet2021uoim,final,2021-10-20,10:54:19,2.0,,31.7222,0.3,-104.0073,0.6,7.4,8.4,0.6,0.2,26,17,TXNet,earthquake,Western Texas,,,,,,,,,,56.877798851936994,,2021-10-22 16:42:26
texnet2021uohv,final,2021-10-20,10:34:12,2.0,,31.7240,0.6,-104.0067,0.8,7.0,7.9,0.6,0.2,19,13,TXNet,earthquake,Western Texas,,,,,,,,,,54.589061236468496,,2021-10-22 16:19:39
texnet2021uodi,final,2021-10-20,08:18:05,2.3,,31.7157,0.3,-104.0164,0.5,6.9,7.8,0.6,0.2,33,20,TXNet,earthquake,Western Texas,,,,,,,,,,56.145108710439,,2021-10-22 15:02:55
texnet2021unlz,final,2021-10-19,23:32:18,2.8,,31.7130,0.4,-104.0153,0.5,7.7,8.7,0.5,0.2,35,25,TXNet,earthquake,Western Texas,,,,,,,,,,54.5718769832565,,2021-10-22 14:27:47
texnet2021unjg,final,2021-10-19,22:09:26,2.9,,31.7157,0.4,-104.0132,0.5,7.4,8.3,0.5,0.2,36,26,TXNet,earthquake,Western Texas,,,,,,,,,,54.56389112514899,,2021-10-22 14:20:19
texnet2021uloe,final,2021-10-18,22:22:47,2.3,,31.7063,0.4,-104.0177,0.5,7.6,8.5,0.5,0.2,29,21,TXNet,earthquake,Western Texas,,,,,,,,,,55.207415997656994,,2021-10-22 15:27:14
texnet2021ukei,final,2021-10-18,04:14:41,2.6,,31.7074,0.4,-104.0352,0.4,8.0,9.0,0.5,0.2,39,29,TXNet,earthquake,Western Texas,,,,,,,,,,57.810778809272996,,2021-10-20 20:10:54
texnet2021ujlz,final,2021-10-17,19:00:11,3.4,,31.7084,0.5,-104.0223,0.6,7.7,8.7,0.7,0.2,25,18,TXNet,earthquake,Western Texas,,,,,,,,,,47.1476627302905,,2021-10-18 18:00:54
texnet2021ujhz,final,2021-10-17,16:58:41,2.9,,31.7139,0.4,-104.0202,0.5,7.6,8.6,0.6,0.2,22,17,TXNet,earthquake,Western Texas,,,,,,,,,,45.828585078003,,2021-10-18 17:41:53
texnet2021uhqz,final,2021-10-16,19:15:07,2.1,,31.7093,0.4,-104.0185,0.5,7.5,8.5,0.6,0.1,31,23,TXNet,earthquake,Western Texas,,,,,,,,,,54.61535859821999,,2021-10-20 20:33:55
texnet2021tvdv,final,2021-10-09,22:58:23,2.5,,31.7079,0.4,-104.0190,0.5,7.0,7.9,0.6,0.2,29,23,TXNet,earthquake,Western Texas,,,,,,,,,,53.519957561038495,,2021-10-11 20:28:22
texnet2021tvcq,final,2021-10-09,22:21:43,2.0,,31.7040,1.0,-104.0193,1.3,7.2,8.2,1.4,0.3,25,14,TXNet,earthquake,Western Texas,,,,,,,,,,0.882081067,,2022-11-14 19:21:00
texnet2021tlqq,final,2021-10-04,18:05:05,2.5,,31.7194,0.3,-104.0110,0.5,7.4,8.3,0.7,0.2,33,21,TXNet,earthquake,Western Texas,,,,,,,,,,56.60109920130749,,2021-10-04 19:23:17
texnet2021tlpf,final,2021-10-04,17:21:28,2.0,,31.7217,0.3,-104.0083,0.5,8.0,9.0,0.7,0.2,35,25,TXNet,earthquake,Western Texas,,,,,,,,,,85.19243119370549,,2021-10-04 20:24:00
texnet2021tlov,final,2021-10-04,17:10:14,2.1,,31.7222,0.4,-104.0003,0.7,7.1,8.0,0.8,0.2,29,19,TXNet,earthquake,Western Texas,,,,,,,,,,97.37967738945599,,2021-10-05 16:34:02
texnet2021tkss,final,2021-10-04,05:58:33,2.1,,31.7111,0.4,-104.0131,0.5,7.8,8.7,0.7,0.2,37,29,TXNet,earthquake,Western Texas,,,,,,,,,,62.879349582063,,2021-10-04 20:33:52
texnet2021tiyg,final,2021-10-03,06:35:53,2.4,,31.7072,0.5,-104.0274,0.5,8.1,9.1,0.6,0.2,30,22,TXNet,earthquake,Western Texas,,,,,,,,,,53.826161159231994,,2021-10-04 20:07:39
texnet2021tivz,final,2021-10-03,05:23:15,2.5,,31.7107,0.4,-104.0191,0.5,8.2,9.2,0.6,0.2,32,24,TXNet,earthquake,Western Texas,,,,,,,,,,55.704048071993995,,2021-10-04 19:43:19
texnet2021tipv,final,2021-10-03,02:15:45,1.9,,31.7063,0.6,-104.0102,1.0,7.6,8.5,1.0,0.2,16,12,TXNet,earthquake,Western Texas,,,,,,,,,,45.01795282349399,,2021-10-05 20:38:48
texnet2021tipg,final,2021-10-03,01:58:09,3.1,,31.7134,0.4,-104.0250,0.6,7.8,8.8,0.6,0.2,34,22,TXNet,earthquake,Western Texas,,,,,,,,,,64.72203829578899,,2021-10-06 17:43:33
texnet2021tiox,final,2021-10-03,01:48:10,3.3,,31.7093,0.3,-104.0261,0.5,7.9,8.9,0.5,0.2,41,30,TXNet,earthquake,Western Texas,,,,,,,,,,65.19909118788449,,2021-10-06 17:29:51
texnet2021tiow,final,2021-10-03,01:46:57,2.7,,31.7116,0.4,-104.0158,0.5,8.0,8.9,0.6,0.2,31,23,TXNet,earthquake,Western Texas,,,,,,,,,,53.741264599575,,2021-10-04 19:16:35
texnet2021tiop,final,2021-10-03,01:39:18,4.0,3.8,31.7056,0.4,-104.0239,0.4,8.1,9.1,0.6,0.1,32,23,TXNet,earthquake,Western Texas,75,60,-110,291,36,-60,Moment Tensor,71.63457958,0.1988349859,53.510477864822995,,2021-10-04 13:45:44
texnet2021tibn,final,2021-10-02,19:02:10,2.2,,31.7162,0.5,-104.0223,0.8,8.3,9.3,0.8,0.2,16,13,TXNet,earthquake,Western Texas,,,,,,,,,,64.79367899926949,,2021-10-04 20:53:52
texnet2021tibj,final,2021-10-02,18:57:45,3.0,,31.7097,0.3,-104.0261,0.5,7.5,8.5,0.5,0.2,36,27,TXNet,earthquake,Western Texas,,,,,,,,,,57.32002177835849,,2021-10-06 17:49:35
texnet2021tibk,final,2021-10-02,18:55:43,3.6,,31.7094,0.4,-104.0007,0.7,6.3,7.2,0.8,0.2,23,17,TXNet,earthquake,Western Texas,,,,,,,,,,62.9069322023415,,2021-10-06 17:18:02
texnet2021tibh,final,2021-10-02,18:54:57,3.4,,31.7139,0.4,-104.0212,0.5,7.6,8.6,0.6,0.2,29,20,TXNet,earthquake,Western Texas,,,,,,,,,,46.9259623394415,,2021-10-06 17:24:02
texnet2021tdej,final,2021-09-30,02:48:01,2.3,,31.7009,0.4,-104.0583,0.5,6.9,7.8,0.6,0.2,55,40,TXNet,earthquake,Western Texas,,,,,,,,,,102.68571378019499,,2021-10-02 00:01:04
texnet2021rmim,final,2021-09-06,16:00:51,2.0,,31.7061,0.4,-104.0228,0.5,8.4,9.3,0.6,0.2,29,19,TXNet,earthquake,Western Texas,,,,,,,,,,55.232249188126495,,2021-09-10 19:36:16
texnet2021rlvl,final,2021-09-06,09:27:48,2.2,,31.7070,0.4,-104.0223,0.5,7.8,8.7,0.6,0.2,32,23,TXNet,earthquake,Western Texas,,,,,,,,,,55.32854761636649,,2021-09-08 20:12:08
texnet2021rkyc,final,2021-09-05,21:38:46,2.2,,31.7070,0.5,-104.0185,0.6,7.9,8.9,0.7,0.2,30,19,TXNet,earthquake,Western Texas,,,,,,,,,,55.291469910484494,,2021-09-08 19:54:51
texnet2021rkvs,final,2021-09-05,20:26:14,2.3,,31.7102,0.5,-104.0228,0.6,7.7,8.7,0.7,0.2,25,16,TXNet,earthquake,Western Texas,,,,,,,,,,45.533941812387,,2021-09-08 19:10:31
texnet2021rijw,final,2021-09-04,12:11:03,1.8,,31.7125,0.5,-104.0142,0.7,8.0,8.9,0.8,0.2,21,14,TXNet,earthquake,Western Texas,,,,,,,,,,53.762261562544495,,2021-09-16 13:51:56
texnet2021rijj,final,2021-09-04,11:56:06,2.7,,31.7082,0.4,-104.0145,0.6,7.5,8.4,0.6,0.2,27,18,TXNet,earthquake,Western Texas,,,,,,,,,,55.381691743245,,2021-09-07 20:45:39
texnet2021renu,final,2021-09-02,09:37:00,2.4,,31.7038,0.6,-104.0131,0.7,7.5,8.5,0.7,0.2,30,24,TXNet,earthquake,Western Texas,,,,,,,,,,63.995559051091504,,2021-09-02 20:56:46
texnet2021kivj,final,2021-05-28,03:13:58,1.5,,31.7176,0.4,-103.9965,0.7,8.8,9.8,1.1,0.2,23,17,TXNet,earthquake,Western Texas,,,,,,,,,,49.225148126217,,2021-06-09 14:30:39
texnet2021itwq,final,2021-05-05,17:18:51,1.7,,31.7155,0.7,-104.0134,0.8,7.7,8.6,1.1,0.2,18,15,TXNet,earthquake,Western Texas,,,,,,,,,,63.38172934818899,,2021-05-06 20:36:41
texnet2021hntv,final,2021-04-18,03:32:06,2.0,,31.7125,0.4,-104.0196,0.5,8.1,9.1,0.9,0.2,37,26,TXNet,earthquake,Western Texas,,,,,,,,,,91.58615513567099,,2021-04-19 21:40:19
texnet2021hnma,final,2021-04-17,23:35:15,2.2,,31.7121,0.4,-104.0158,0.7,7.7,8.6,1.0,0.2,29,17,TXNet,earthquake,Western Texas,,,,,,,,,,58.681383597774,,2021-04-19 20:27:00
texnet2021hmwg,final,2021-04-17,15:37:32,1.7,,31.7035,0.6,-104.0263,0.7,7.7,8.6,1.4,0.3,26,18,TXNet,earthquake,Western Texas,,,,,,,,,,63.910799928454495,,2021-04-20 21:43:25
texnet2020zoor,final,2020-12-29,17:42:50,1.7,,31.7330,0.5,-104.0006,0.8,7.7,8.6,1.4,0.2,13,10,TXNet,earthquake,Western Texas,,,,,,,,,,55.239924056058,,2021-03-12 14:32:16
texnet2020zolu,final,2020-12-29,16:15:26,1.8,,31.7072,1.0,-104.0177,0.7,6.2,7.1,1.1,0.2,21,15,TXNet,earthquake,Western Texas,,,,,,,,,,64.5578434110645,,2021-03-11 22:22:59
texnet2020yewd,final,2020-12-10,04:34:45,1.5,,31.6950,0.6,-104.0833,0.7,6.8,7.7,1.5,0.2,20,14,TXNet,earthquake,Western Texas,,,,,,,,,,100.40723112360149,,2020-12-11 17:43:10
texnet2020ybwd,final,2020-12-08,13:10:51,1.6,,31.6923,0.7,-104.0639,0.8,6.9,7.9,1.2,0.2,25,17,TXNet,earthquake,Western Texas,,,,,,,,,,124.92436807493999,,2020-12-09 19:32:08
texnet2020wbic,final,2020-11-09,19:00:24,2.2,,31.7063,0.6,-104.0123,0.9,7.2,8.1,1.2,0.2,21,18,TXNet,earthquake,Western Texas,,,,,,,,,,53.066017439253,,2020-11-09 19:24:09
texnet2020wbav,final,2020-11-09,15:20:08,1.9,,31.7063,1.0,-104.0328,1.0,7.7,8.6,1.5,0.2,16,13,TXNet,earthquake,Western Texas,,,,,,,,,,45.9279537892245,,2020-11-09 16:32:04
texnet2020vsam,final,2020-11-04,16:57:11,1.7,,31.7146,0.5,-104.0242,0.6,6.8,7.7,1.1,0.2,22,16,TXNet,earthquake,Western Texas,,,,,,,,,,147.303882638955,,2020-11-05 19:21:43
texnet2020vrxj,final,2020-11-04,15:21:57,1.9,,31.7191,0.6,-104.0275,0.8,7.5,8.4,1.7,0.3,19,12,TXNet,earthquake,Western Texas,,,,,,,,,,56.730167663368505,,2020-11-05 20:45:55
texnet2020vrxi,final,2020-11-04,15:21:03,1.4,,31.7173,0.8,-104.0210,1.2,7.2,8.1,1.5,0.2,16,10,TXNet,earthquake,Western Texas,,,,,,,,,,128.992655648115,,2020-11-05 23:15:24
texnet2020vrwz,final,2020-11-04,15:10:25,1.7,,31.7120,0.6,-104.0239,0.8,6.6,7.6,1.0,0.2,23,15,TXNet,earthquake,Western Texas,,,,,,,,,,126.81711880141499,,2020-11-05 22:13:49
texnet2020vrus,final,2020-11-04,14:04:07,1.7,,31.7154,0.6,-104.0371,0.8,7.4,8.4,1.5,0.2,16,12,TXNet,earthquake,Western Texas,,,,,,,,,,83.37453617398499,,2020-11-04 21:17:55
texnet2020vrtr,final,2020-11-04,13:29:48,2.4,,31.7161,0.4,-104.0342,0.6,6.5,7.5,0.9,0.2,34,25,TXNet,earthquake,Western Texas,,,,,,,,,,101.258095897413,,2020-11-04 15:51:06
texnet2020vrtn,final,2020-11-04,13:25:37,1.8,,31.7120,0.5,-104.0374,0.6,6.8,7.8,1.0,0.2,18,12,TXNet,earthquake,Western Texas,,,,,,,,,,66.0703129084845,,2020-11-04 21:23:16
texnet2020vrrf,final,2020-11-04,12:15:26,1.7,,31.7173,0.5,-104.0285,0.7,7.4,8.3,1.5,0.2,20,15,TXNet,earthquake,Western Texas,,,,,,,,,,66.0648296384055,,2020-11-04 19:03:29
texnet2020rrec,final,2020-09-08,07:29:41,2.0,,31.6971,1.4,-104.0166,0.8,5.8,6.8,2.2,0.2,19,12,TXNet,earthquake,Western Texas,,,,,,,,,,39.0535158153105,,2020-09-08 21:40:15
texnet2020puwz,final,2020-08-12,21:22:12,1.8,,31.7028,0.4,-104.0384,0.6,7.4,8.4,1.1,0.2,33,25,TXNet,earthquake,Western Texas,,,,,,,,,,85.085661365523,,2020-08-13 21:17:45
texnet2020knbh,preliminary,2020-05-29,10:46:40,1.8,,31.7349,0.9,-103.9866,0.8,6.7,7.6,1.5,0.3,31,22,TXNet,earthquake,Western Texas,,,,,,,,,,85.3111975279725,,2020-05-29 21:37:46
texnet2020knba,final,2020-05-29,10:38:19,2.5,,31.7239,0.7,-103.9887,0.6,6.9,7.8,1.1,0.3,40,27,TXNet,earthquake,Western Texas,,,,,,,,,,90.80985743975249,,2020-05-29 17:28:36
texnet2020kmzq,final,2020-05-29,09:56:17,2.2,,31.7248,0.7,-103.9779,1.0,6.9,7.8,1.5,0.3,35,27,TXNet,earthquake,Western Texas,,,,,,,,,,83.9241102004515,,2020-05-29 17:53:39
texnet2020kmzf,preliminary,2020-05-29,09:44:10,1.6,,31.7165,1.4,-103.9865,1.1,6.9,7.8,2.1,0.2,20,13,TXNet,earthquake,Western Texas,,,,,,,,,,56.117236682934,,2020-05-29 22:07:58
texnet2020kmyx,preliminary,2020-05-29,09:34:31,1.2,,31.7248,1.0,-103.9855,1.0,7.9,8.9,2.0,0.4,26,15,TXNet,earthquake,Western Texas,,,,,,,,,,141.351842683485,,2020-05-29 22:45:21
texnet2020kkjw,preliminary,2020-05-27,23:42:38,1.5,,31.7146,0.9,-103.9994,0.9,6.8,7.7,1.3,0.2,31,20,TXNet,earthquake,Western Texas,,,,,,,,,,131.032311760035,,2020-05-29 00:52:54
texnet2020jkou,final,2020-05-13,20:39:45,2.9,,31.7053,0.8,-104.0425,0.9,7.0,7.9,2.8,0.2,27,23,TXNet,earthquake,Western Texas,,,,,,,,,,64.1281149219375,,2020-05-13 21:01:59
texnet2020hlvz,final,2020-04-16,02:21:03,1.6,,31.6988,1.0,-104.0543,0.7,7.3,8.3,2.6,0.3,20,13,TXNet,earthquake,Western Texas,,,,,,,,,,64.018127733147,,2020-05-06 14:37:10
texnet2020hius,final,2020-04-14,10:17:39,3.0,,31.7090,0.5,-104.0317,0.5,6.2,7.1,1.9,0.3,37,24,TXNet,earthquake,Western Texas,,,,,,,,,,82.5429648001455,,2020-04-14 15:20:56
texnet2020gzab,final,2020-04-09,01:38:12,1.3,,31.6998,1.1,-104.0478,0.8,6.2,7.1,2.5,0.3,19,13,TXNet,earthquake,Western Texas,,,,,,,,,,126.44464746437998,,2020-05-06 18:34:28
texnet2020gtrk,final,2020-04-06,03:35:54,1.3,,31.7024,0.9,-104.0704,0.8,6.2,7.1,3.1,0.3,20,13,TXNet,earthquake,Western Texas,,,,,,,,,,124.29902696526,,2020-04-28 21:35:53
texnet2020goqi,final,2020-04-03,09:22:38,1.5,,31.7103,1.5,-104.0463,0.9,7.1,8.1,3.6,0.2,12,9,TXNet,earthquake,Western Texas,,,,,,,,,,44.607290763105,,2020-04-28 19:43:37
texnet2020gjve,final,2020-03-31,18:08:33,1.5,,31.6932,1.1,-104.0693,0.9,6.1,7.0,2.6,0.3,19,11,TXNet,earthquake,Western Texas,,,,,,,,,,124.41254816466,,2020-04-28 19:19:49
texnet2020gjgu,final,2020-03-31,10:50:46,1.3,,31.7029,1.1,-104.0721,0.8,6.3,7.3,3.1,0.3,17,11,TXNet,earthquake,Western Texas,,,,,,,,,,61.92970477447949,,2020-04-10 21:04:56
texnet2020gjfy,final,2020-03-31,10:26:06,1.7,,31.7016,1.1,-104.0554,0.9,6.2,7.1,2.9,0.3,18,13,TXNet,earthquake,Western Texas,,,,,,,,,,55.170920275285496,,2020-04-28 18:34:35
texnet2020gjah,final,2020-03-31,07:35:29,2.2,,31.7117,0.6,-104.0522,0.6,6.2,7.1,2.0,0.3,35,23,TXNet,earthquake,Western Texas,,,,,,,,,,63.66656660474249,,2020-04-16 16:51:52
texnet2020ggoy,final,2020-03-29,23:34:19,1.5,,31.7100,0.9,-104.0263,0.8,6.2,7.1,3.2,0.2,15,11,TXNet,earthquake,Western Texas,,,,,,,,,,63.28862749821149,,2020-04-28 20:58:51
texnet2020ggok,final,2020-03-29,23:18:45,2.1,,31.7026,0.7,-104.0349,0.5,6.5,7.4,2.0,0.2,26,17,TXNet,earthquake,Western Texas,,,,,,,,,,62.705050863588,,2020-04-16 16:28:22
texnet2020gexw,preliminary,2020-03-29,01:48:59,1.3,,31.6850,1.3,-104.0747,0.8,6.2,7.1,2.4,0.3,24,17,TXNet,earthquake,Western Texas,,,,,,,,,,123.91992796144498,,2020-05-07 21:09:26
texnet2020gexe,final,2020-03-29,01:27:06,3.6,,31.7027,0.4,-104.0664,0.5,6.3,7.3,1.7,0.3,61,42,TXNet,earthquake,Western Texas,,,,,,,,,,103.4705073968055,,2020-04-14 21:35:07
texnet2020gevs,final,2020-03-29,00:43:33,1.9,,31.7024,0.7,-104.0683,0.7,6.2,7.1,2.7,0.3,20,14,TXNet,earthquake,Western Texas,,,,,,,,,,65.0651758247295,,2020-04-17 15:48:19
texnet2020gepd,final,2020-03-28,21:24:36,2.2,,31.6997,0.7,-104.0758,0.6,6.2,7.1,2.0,0.3,31,21,TXNet,earthquake,Western Texas,,,,,,,,,,86.94263950407,,2020-04-16 16:22:35
texnet2020gelf,final,2020-03-28,19:25:02,1.3,,31.7242,0.9,-104.0280,1.1,6.2,7.2,3.6,0.3,12,9,TXNet,earthquake,Western Texas,,,,,,,,,,128.336131235025,,2020-04-21 21:07:36
texnet2020gebt,final,2020-03-28,14:38:05,1.8,,31.7052,1.0,-104.0575,0.8,6.2,7.1,2.9,0.3,17,11,TXNet,earthquake,Western Texas,,,,,,,,,,62.320145290231494,,2020-04-17 16:52:54
texnet2020gdit,final,2020-03-28,05:02:31,1.8,,31.7007,0.5,-104.0392,0.6,5.2,6.2,2.2,0.3,34,27,TXNet,earthquake,Western Texas,,,,,,,,,,127.79538539102998,,2020-04-17 15:33:36
texnet2020gddk,final,2020-03-28,02:20:36,1.8,,31.7163,0.5,-104.0457,0.6,5.5,6.5,2.7,0.3,28,24,TXNet,earthquake,Western Texas,,,,,,,,,,100.147795742106,,2020-04-16 21:48:59
texnet2020gdbm,final,2020-03-28,01:22:07,3.1,,31.7090,0.5,-104.0446,0.6,6.2,7.1,1.9,0.3,61,42,TXNet,earthquake,Western Texas,,,,,,,,,,101.8447208095275,,2020-03-30 20:07:59
texnet2020gcwn,final,2020-03-27,22:51:19,1.5,,31.6960,0.9,-104.0758,0.8,6.7,7.6,2.7,0.2,12,9,TXNet,earthquake,Western Texas,,,,,,,,,,62.46580668161399,,2020-04-09 21:39:54
texnet2020gcua,final,2020-03-27,21:36:20,3.5,,31.6978,0.6,-104.0747,0.6,6.5,7.4,2.1,0.3,38,27,TXNet,earthquake,Western Texas,,,,,,,,,,97.7226839529255,,2020-04-14 21:40:15
texnet2020gcqk,final,2020-03-27,19:47:23,2.6,,31.7016,0.8,-104.0360,0.8,6.4,7.3,2.2,0.3,24,16,TXNet,earthquake,Western Texas,,,,,,,,,,63.64158603642,,2020-04-15 19:40:54
texnet2020gcpi,final,2020-03-27,19:12:35,1.5,,31.6969,1.0,-104.0736,1.1,6.4,7.3,3.0,0.3,12,9,TXNet,earthquake,Western Texas,,,,,,,,,,133.47325183499999,,2020-04-09 21:46:46
texnet2020gcmd,final,2020-03-27,17:36:55,1.5,,31.7024,1.0,-104.0812,0.9,6.1,7.0,4.0,0.3,13,10,TXNet,earthquake,Western Texas,,,,,,,,,,114.50095967204999,,2020-04-09 22:02:11
texnet2020gcih,final,2020-03-27,15:40:50,1.3,,31.7117,0.9,-104.0533,1.2,6.2,7.1,3.3,0.2,12,9,TXNet,earthquake,Western Texas,,,,,,,,,,135.98267346341999,,2020-04-21 20:37:43
texnet2020gcgn,preliminary,2020-03-27,14:46:38,1.3,,31.7172,0.7,-104.0554,0.7,6.2,7.1,2.4,0.3,25,20,TXNet,earthquake,Western Texas,,,,,,,,,,125.72694756531,,2020-03-27 18:52:56
texnet2020gcfv,preliminary,2020-03-27,14:26:01,1.7,,31.7168,0.5,-104.0495,0.7,6.4,7.4,2.2,0.3,35,25,TXNet,earthquake,Western Texas,,,,,,,,,,129.28429956204,,2020-03-27 19:14:27
texnet2020gbwv,final,2020-03-27,09:53:13,2.7,,31.6996,0.6,-104.0790,0.5,6.2,7.1,2.2,0.3,30,20,TXNet,earthquake,Western Texas,,,,,,,,,,65.650490103618,,2020-04-15 16:44:41
texnet2020gbud,final,2020-03-27,08:31:27,1.5,,31.7080,1.1,-104.0532,0.9,6.5,7.4,2.6,0.3,17,11,TXNet,earthquake,Western Texas,,,,,,,,,,125.92906660561498,,2020-04-28 19:52:25
texnet2020gbqp,final,2020-03-27,06:43:52,1.2,,31.6983,1.3,-104.0710,1.5,6.2,7.2,4.0,0.3,12,8,TXNet,earthquake,Western Texas,,,,,,,,,,124.2521240247,,2020-04-20 20:15:48
texnet2020gbpn,final,2020-03-27,06:12:08,1.4,,31.7034,1.2,-104.0554,1.0,6.2,7.1,3.4,0.3,16,11,TXNet,earthquake,Western Texas,,,,,,,,,,135.155946088485,,2020-04-28 19:58:49
texnet2020gbpe,final,2020-03-27,06:01:02,1.4,,31.7090,0.7,-104.0489,0.8,6.2,7.1,3.0,0.2,15,11,TXNet,earthquake,Western Texas,,,,,,,,,,62.337738007156496,,2020-04-28 21:13:30
texnet2020gbig,final,2020-03-27,02:30:32,1.3,,31.7001,1.6,-104.0731,1.2,7.6,8.6,4.7,0.2,9,7,TXNet,earthquake,Western Texas,,,,,,,,,,55.3216093374735,,2020-04-21 20:17:56
texnet2020gbia,final,2020-03-27,02:23:46,1.0,,31.7016,1.1,-104.0532,1.2,6.2,7.1,3.6,0.3,13,9,TXNet,earthquake,Western Texas,,,,,,,,,,62.871592874611494,,2020-04-29 18:26:27
texnet2020gbfb,preliminary,2020-03-27,00:54:32,1.4,,31.7052,0.7,-104.0618,0.8,7.3,8.3,2.2,0.3,22,16,TXNet,earthquake,Western Texas,,,,,,,,,,129.991245459075,,2020-03-27 18:28:25
texnet2020gbdh,final,2020-03-27,00:00:47,2.4,,31.7071,0.6,-104.0489,0.6,6.2,7.1,2.3,0.3,28,20,TXNet,earthquake,Western Texas,,,,,,,,,,64.0824388625295,,2020-04-15 21:28:19
texnet2020gbbc,final,2020-03-26,22:53:47,1.4,,31.7071,0.8,-104.0575,0.8,6.2,7.1,2.4,0.3,21,16,TXNet,earthquake,Western Texas,,,,,,,,,,112.03656990592499,,2020-04-28 20:07:34
texnet2020gbay,final,2020-03-26,22:49:12,1.5,,31.7071,0.9,-104.0511,0.9,6.2,7.1,3.0,0.3,16,13,TXNet,earthquake,Western Texas,,,,,,,,,,129.086262712575,,2020-04-28 19:02:21
texnet2020gazk,preliminary,2020-03-26,22:02:49,1.1,,31.7066,2.0,-104.0549,1.6,6.3,7.3,4.4,0.3,8,5,TXNet,earthquake,Western Texas,,,,,,,,,,135.458542821105,,2020-04-29 18:19:30
texnet2020gatd,final,2020-03-26,18:52:26,3.1,,31.7053,0.6,-104.0382,0.6,6.4,7.3,1.9,0.3,33,22,TXNet,earthquake,Western Texas,,,,,,,,,,85.2994074776445,,2020-04-14 21:43:00
texnet2020gasi,final,2020-03-26,18:29:00,3.0,,31.6933,0.8,-104.0639,0.7,6.1,7.0,2.7,0.3,28,19,TXNet,earthquake,Western Texas,,,,,,,,,,63.2321069017995,,2020-04-14 21:46:14
texnet2020gasg,preliminary,2020-03-26,18:26:27,1.7,,31.7062,0.9,-104.0532,1.0,6.7,7.6,2.9,0.3,20,14,TXNet,earthquake,Western Texas,,,,,,,,,,86.22216415556099,,2021-04-28 18:00:43
texnet2020garv,final,2020-03-26,18:13:15,1.3,,31.7056,2.0,-104.0775,1.7,6.2,7.2,4.7,0.3,8,5,TXNet,earthquake,Western Texas,,,,,,,,,,61.430353126190994,,2020-04-21 20:53:37
texnet2020garh,preliminary,2020-03-26,17:57:18,1.5,,31.6984,0.9,-104.0408,1.3,6.4,7.4,2.8,0.3,15,12,TXNet,earthquake,Western Texas,,,,,,,,,,87.6175518896055,,2020-03-27 20:53:09
texnet2020gara,final,2020-03-26,17:49:07,1.6,,31.6969,0.6,-104.0844,0.5,6.9,7.8,2.3,0.3,32,21,TXNet,earthquake,Western Texas,,,,,,,,,,114.88376992018499,,2020-04-22 13:48:36
texnet2020gaqy,final,2020-03-26,17:46:05,2.0,,31.6997,0.9,-104.0747,0.7,6.1,7.0,2.5,0.3,25,20,TXNet,earthquake,Western Texas,,,,,,,,,,133.63805561242498,,2020-04-16 21:42:18
texnet2020gapy,final,2020-03-26,17:16:19,1.5,,31.7085,1.3,-104.0570,1.3,6.1,7.1,4.0,0.3,12,8,TXNet,earthquake,Western Texas,,,,,,,,,,115.08610034218499,,2020-04-28 19:10:06
texnet2020gapc,preliminary,2020-03-26,16:51:02,1.8,,31.6988,0.7,-104.0597,0.8,6.2,7.1,2.6,0.3,27,20,TXNet,earthquake,Western Texas,,,,,,,,,,111.443972387895,,2020-03-27 14:14:06
texnet2020gany,final,2020-03-26,16:16:16,3.0,,31.7111,0.5,-104.0314,0.5,6.2,7.1,1.5,0.3,41,27,TXNet,earthquake,Western Texas,,,,,,,,,,93.36790559794949,,2020-04-14 21:44:51
texnet2020ganc,preliminary,2020-03-26,15:50:07,1.4,,31.7080,0.8,-104.0468,0.8,5.2,6.2,2.7,0.3,21,18,TXNet,earthquake,Western Texas,,,,,,,,,,88.806772618326,,2020-03-26 22:02:40
texnet2020ganb,final,2020-03-26,15:48:20,1.7,,31.7144,1.1,-104.0597,0.8,6.4,7.3,3.6,0.3,14,11,TXNet,earthquake,Western Texas,,,,,,,,,,56.652064984777496,,2020-04-17 16:41:16
texnet2020gamu,preliminary,2020-03-26,15:40:52,1.7,,31.6813,1.3,-104.0639,0.9,7.5,8.5,3.7,0.1,13,11,TXNet,earthquake,Western Texas,,,,,,,,,,53.096169731503494,,2021-06-22 19:03:08
texnet2020gamn,final,2020-03-26,15:32:08,2.3,,31.7163,0.5,-104.0554,0.8,6.2,7.1,3.0,0.3,29,22,TXNet,earthquake,Western Texas,,,,,,,,,,93.134740813569,,2020-03-26 21:19:20
texnet2020galz,final,2020-03-26,15:16:27,4.9,4.8,31.7025,0.5,-104.0521,0.6,6.2,7.1,1.9,0.3,48,31,TXNet,earthquake,Western Texas,96,43,-100,289,47,-81,Moment Tensor,102.6122831,0.1244907365,88.50043241707499,,2020-04-16 20:03:08
texnet2020gaks,final,2020-03-26,14:38:03,2.0,,31.6997,0.9,-104.0618,0.7,6.2,7.1,2.5,0.3,25,18,TXNet,earthquake,Western Texas,,,,,,,,,,98.05770970654049,,2020-04-16 21:47:10
texnet2020gahl,final,2020-03-26,12:58:58,1.9,,31.6850,0.7,-104.0617,0.7,6.5,7.5,2.6,0.2,22,16,TXNet,earthquake,Western Texas,,,,,,,,,,66.772461130452,,2020-03-26 17:57:47
texnet2020gagp,preliminary,2020-03-26,12:32:46,1.1,,31.6928,1.0,-104.0688,0.7,3.9,4.9,2.6,0.3,27,18,TXNet,earthquake,Western Texas,,,,,,,,,,265.507349372685,,2020-03-27 16:50:47
texnet2020gadm,preliminary,2020-03-26,10:58:29,1.6,,31.6850,0.8,-104.0607,0.7,6.2,7.2,2.7,0.3,27,19,TXNet,earthquake,Western Texas,,,,,,,,,,93.4405867641645,,2020-03-26 17:18:35
texnet2020gadb,preliminary,2020-03-26,10:45:04,1.2,,31.7108,0.7,-104.0576,0.7,6.2,7.1,2.3,0.2,25,18,TXNet,earthquake,Western Texas,,,,,,,,,,129.79662051698998,,2020-03-27 17:38:06
texnet2020gaci,final,2020-03-26,10:23:25,1.6,,31.7044,0.7,-104.0500,0.7,6.2,7.1,2.9,0.2,21,17,TXNet,earthquake,Western Texas,,,,,,,,,,64.00924119553949,,2020-03-26 19:56:33
texnet2020gabl,preliminary,2020-03-26,09:56:38,1.3,,31.7026,0.7,-104.0392,0.9,6.2,7.1,2.5,0.3,21,17,TXNet,earthquake,Western Texas,,,,,,,,,,63.4048071699105,,2020-03-26 18:25:45
texnet2020gaab,preliminary,2020-03-26,09:15:40,1.6,,31.7089,0.8,-104.0522,0.8,6.4,7.3,3.0,0.3,22,19,TXNet,earthquake,Western Texas,,,,,,,,,,63.96314676494399,,2020-03-26 16:35:54
texnet2020gaaa,preliminary,2020-03-26,09:13:59,1.7,,31.7145,0.6,-104.0457,0.7,6.2,7.1,2.5,0.2,19,15,TXNet,earthquake,Western Texas,,,,,,,,,,126.643965725025,,2020-03-26 19:37:54
texnet2020fzzu,preliminary,2020-03-26,09:06:37,1.5,,31.7090,0.7,-104.0457,0.8,6.2,7.1,2.5,0.3,26,21,TXNet,earthquake,Western Texas,,,,,,,,,,83.627986139901,,2020-03-26 18:53:38
texnet2020fzzp,preliminary,2020-03-26,09:00:37,1.5,,31.7227,0.8,-104.0479,0.8,6.6,7.5,3.7,0.3,15,14,TXNet,earthquake,Western Texas,,,,,,,,,,92.1814945111305,,2020-03-26 18:48:58
texnet2020fzzi,final,2020-03-26,08:52:41,4.1,,31.7099,0.5,-104.0414,0.5,6.2,7.1,1.9,0.2,34,28,TXNet,earthquake,Western Texas,72,47,-102,269,44,-78,Moment Tensor,89.68063353,0.1865827165,85.893841748043,,2020-04-14 21:34:13
texnet2020fajy,preliminary,2020-03-12,08:41:39,1.5,,31.7086,0.7,-104.0226,0.8,6.1,7.0,1.9,0.3,40,29,TXNet,earthquake,Western Texas,,,,,,,,,,116.797171448475,,2020-03-27 13:32:54
texnet2020eacm,final,2020-02-26,23:24:03,2.1,,31.7035,0.5,-104.0328,0.8,6.2,7.1,2.1,0.2,32,25,TXNet,earthquake,Western Texas,,,,,,,,,,92.57999702020649,,2020-02-27 17:30:46
texnet2020draw,final,2020-02-22,00:21:33,1.5,,31.7118,1.0,-104.0328,1.0,6.2,7.1,2.8,0.3,16,12,TXNet,earthquake,Western Texas,,,,,,,,,,65.797218333189,,2020-04-07 22:05:50
texnet2020dlge,preliminary,2020-02-18,20:13:07,1.5,,31.7113,1.0,-104.0344,1.5,6.2,7.2,3.5,0.3,14,10,TXNet,earthquake,Western Texas,,,,,,,,,,65.84440065118649,,2020-04-08 20:13:26
texnet2020dkuz,final,2020-02-18,14:34:36,2.1,,31.6988,0.7,-104.0586,1.1,7.2,8.2,2.9,0.3,18,13,TXNet,earthquake,Western Texas,,,,,,,,,,66.109095734094,,2020-02-18 20:02:56
texnet2020dkut,final,2020-02-18,14:27:44,2.0,,31.7127,0.7,-104.0274,1.2,5.7,6.7,2.8,0.3,19,15,TXNet,earthquake,Western Texas,,,,,,,,,,62.97154590443849,,2020-02-18 19:29:13
texnet2020dktb,preliminary,2020-02-18,13:36:10,1.6,,31.7113,0.9,-104.0473,1.5,7.0,8.0,4.8,0.1,11,8,TXNet,earthquake,Western Texas,,,,,,,,,,62.1848604939345,,2020-04-07 17:57:04
texnet2020dksu,final,2020-02-18,13:28:06,4.1,3.9,31.7080,0.5,-104.0457,0.9,10.0,10.9,2.0,0.3,43,32,TXNet,earthquake,Western Texas,,,,,,,,,,94.78547366551199,,2023-04-24 15:22:56
texnet2020cyoo,preliminary,2020-02-11,21:42:00,1.6,,31.7105,0.7,-104.0075,2.0,6.3,7.2,3.7,0.3,10,7,TXNet,earthquake,Western Texas,,,,,,,,,,64.1542706768565,,2020-04-07 19:49:00
texnet2020csjm,final,2020-02-08,12:18:20,1.3,,31.7058,0.8,-104.0258,1.3,6.2,7.2,3.3,0.3,15,10,TXNet,earthquake,Western Texas,,,,,,,,,,63.71367207587549,,2020-04-08 20:49:02
texnet2020crnm,final,2020-02-08,01:12:04,1.4,,31.7191,0.8,-104.0371,0.9,6.2,7.1,2.8,0.2,15,12,TXNet,earthquake,Western Texas,,,,,,,,,,137.60896727780997,,2020-04-08 19:31:14
texnet2020cqle,final,2020-02-07,10:53:39,2.1,,31.7085,0.6,-104.0398,1.0,6.9,7.9,2.5,0.2,22,15,TXNet,earthquake,Western Texas,,,,,,,,,,63.7184981390265,,2020-02-07 18:13:58
texnet2020cihq,preliminary,2020-02-03,00:00:49,1.5,,31.7136,1.0,-104.0220,1.3,6.2,7.1,3.8,0.2,10,9,TXNet,earthquake,Western Texas,,,,,,,,,,65.379539000979,,2020-04-28 21:46:09
texnet2020ceuo,preliminary,2020-02-01,02:00:16,1.3,,31.7126,0.8,-104.0479,1.4,6.2,7.1,4.0,0.3,12,9,TXNet,earthquake,Western Texas,,,,,,,,,,136.39635944959497,,2020-04-28 21:25:53
texnet2020cdut,final,2020-01-31,12:57:51,2.0,,31.7159,0.7,-104.0226,1.4,6.1,7.0,3.5,0.2,14,11,TXNet,earthquake,Western Texas,,,,,,,,,,64.79034018036299,,2020-01-31 18:39:43
texnet2020cdum,preliminary,2020-01-31,12:49:53,1.6,,31.7150,0.8,-104.0280,1.8,6.2,7.2,3.6,0.3,13,10,TXNet,earthquake,Western Texas,,,,,,,,,,62.724391165610996,,2020-04-07 18:43:22
texnet2020cdoo,final,2020-01-31,09:49:53,1.5,,31.7154,0.6,-104.0414,0.7,6.2,7.1,2.3,0.3,20,15,TXNet,earthquake,Western Texas,,,,,,,,,,63.01138389276149,,2020-04-08 15:44:35
texnet2020cdnu,final,2020-01-31,09:27:00,1.4,,31.7182,0.8,-104.0231,0.9,7.2,8.1,3.4,0.2,14,10,TXNet,earthquake,Western Texas,,,,,,,,,,62.6468643548055,,2020-04-20 18:12:54
texnet2020cdkb,final,2020-01-31,07:33:17,1.4,,31.7164,0.7,-104.0242,0.9,6.2,7.1,2.7,0.3,21,16,TXNet,earthquake,Western Texas,,,,,,,,,,65.748262666212,,2020-04-21 19:29:24
texnet2020cdga,final,2020-01-31,05:30:45,1.6,,31.7191,0.8,-104.0393,0.8,6.5,7.4,2.2,0.3,23,17,TXNet,earthquake,Western Texas,,,,,,,,,,137.47384211305499,,2020-04-07 21:11:26
texnet2020cdet,final,2020-01-31,04:52:08,1.5,,31.7136,0.6,-104.0393,0.8,6.2,7.1,3.0,0.2,16,12,TXNet,earthquake,Western Texas,,,,,,,,,,63.159849599805,,2020-04-08 15:11:21
texnet2020cdby,final,2020-01-31,03:27:37,3.7,,31.7077,0.7,-104.0258,0.8,6.2,7.2,2.5,0.3,32,23,TXNet,earthquake,Western Texas,,,,,,,,,,128.53158457985998,,2020-01-31 18:52:10
texnet2020cdbx,final,2020-01-31,03:25:51,3.8,,31.7035,0.6,-104.0338,0.7,6.2,7.1,2.1,0.3,31,21,TXNet,earthquake,Western Texas,,,,,,,,,,65.1083835997665,,2020-01-31 18:51:47
texnet2020bzyz,preliminary,2020-01-29,10:33:06,1.3,,31.7131,0.8,-104.0409,1.4,6.2,7.2,4.1,0.3,13,10,TXNet,earthquake,Western Texas,,,,,,,,,,136.87394186339998,,2020-04-29 19:47:19
texnet2020bzys,preliminary,2020-01-29,10:24:48,1.3,,31.7131,0.8,-104.0430,1.7,6.2,7.2,4.2,0.3,13,10,TXNet,earthquake,Western Texas,,,,,,,,,,62.20055405585699,,2020-04-21 19:21:10
texnet2020bzxs,preliminary,2020-01-29,09:54:49,1.3,,31.7136,0.7,-104.0457,1.2,6.2,7.1,3.9,0.2,13,10,TXNet,earthquake,Western Texas,,,,,,,,,,62.03304006709949,,2020-04-10 17:50:33
texnet2020bzwq,preliminary,2020-01-29,09:22:42,1.4,,31.7081,0.9,-104.0436,1.3,6.2,7.1,3.9,0.3,15,10,TXNet,earthquake,Western Texas,,,,,,,,,,126.847561101345,,2020-04-08 16:06:02
texnet2020bzuh,preliminary,2020-01-29,08:10:28,1.7,,31.7159,0.6,-104.0226,1.0,6.1,7.0,2.3,0.3,28,22,TXNet,earthquake,Western Texas,,,,,,,,,,96.985294566174,,2020-03-31 15:52:29
texnet2020bzua,final,2020-01-29,08:02:43,1.9,,31.7117,0.7,-104.0457,1.0,6.2,7.1,2.6,0.3,27,20,TXNet,earthquake,Western Texas,,,,,,,,,,97.53487804421549,,2020-12-22 21:20:19
texnet2020bztc,final,2020-01-29,07:35:06,2.4,,31.7145,0.7,-104.0360,1.1,6.4,7.3,2.9,0.2,19,17,TXNet,earthquake,Western Texas,,,,,,,,,,66.224995172154,,2020-01-29 16:38:05
texnet2020bzsp,preliminary,2020-01-29,07:19:30,1.4,,31.7205,0.8,-104.0280,1.5,5.6,6.5,3.9,0.2,13,11,TXNet,earthquake,Western Texas,,,,,,,,,,128.331920725155,,2020-04-21 19:37:51
texnet2020bzrn,preliminary,2020-01-29,06:47:22,1.4,,31.7191,0.7,-104.0350,1.2,6.2,7.1,3.8,0.1,12,11,TXNet,earthquake,Western Texas,,,,,,,,,,61.99436781379799,,2020-04-10 19:23:09
texnet2020bzra,preliminary,2020-01-29,06:32:27,1.5,,31.7145,0.6,-104.0457,0.9,6.2,7.1,3.3,0.2,16,12,TXNet,earthquake,Western Texas,,,,,,,,,,61.943200255880996,,2020-04-08 18:33:51
texnet2020bzqt,preliminary,2020-01-29,06:23:46,1.4,,31.7186,0.8,-104.0409,1.4,6.2,7.2,3.6,0.3,13,11,TXNet,earthquake,Western Texas,,,,,,,,,,61.76255666174999,,2020-04-08 20:06:55
texnet2020bzpy,final,2020-01-29,05:59:47,1.3,,31.7131,1.0,-104.0452,1.6,6.2,7.2,4.5,0.2,11,8,TXNet,earthquake,Western Texas,,,,,,,,,,62.10242594725049,,2020-04-29 18:46:18
texnet2020bzpf,preliminary,2020-01-29,05:37:33,1.4,,31.7158,0.7,-104.0484,1.1,6.1,7.1,3.0,0.2,17,12,TXNet,earthquake,Western Texas,,,,,,,,,,136.631851111665,,2020-04-08 21:49:22
texnet2020bzet,preliminary,2020-01-29,00:20:06,1.3,,31.7131,0.8,-104.0430,1.5,6.2,7.2,3.6,0.3,20,16,TXNet,earthquake,Western Texas,,,,,,,,,,136.73862355293,,2020-05-07 22:00:51
texnet2020bzcc,final,2020-01-28,22:59:18,1.3,,31.7131,1.3,-104.0323,1.5,6.2,7.2,4.6,0.2,10,8,TXNet,earthquake,Western Texas,,,,,,,,,,137.41691438727,,2020-04-29 18:51:22
texnet2020byyc,final,2020-01-28,20:58:13,1.9,,31.7104,1.3,-104.0376,1.5,6.3,7.3,4.6,0.2,15,12,TXNet,earthquake,Western Texas,,,,,,,,,,65.93984940507299,,2020-01-31 16:10:29
texnet2020bywl,preliminary,2020-01-28,20:08:14,1.4,,31.7178,0.7,-104.0161,1.4,6.3,7.2,3.8,0.3,13,10,TXNet,earthquake,Western Texas,,,,,,,,,,129.45220534638,,2020-05-06 18:20:48
texnet2019xqts,preliminary,2019-12-03,11:27:36,1.8,,31.6970,0.8,-104.0521,0.7,6.2,7.1,2.5,0.2,26,18,TXNet,earthquake,Western Texas,,,,,,,,,,94.962296866311,,2019-12-03 16:10:18
texnet2019wxgj,final,2019-11-22,19:08:21,1.5,,31.7034,1.2,-104.0651,1.3,6.2,7.1,3.0,0.3,11,8,TXNet,earthquake,Western Texas,,,,,,,,,,134.55001017422998,,2020-04-20 18:00:50
texnet2019wcna,final,2019-11-11,10:37:23,1.7,,31.7385,1.0,-103.9995,1.3,6.5,7.4,3.3,0.3,25,20,TXNet,earthquake,Western Texas,,,,,,,,,,99.346089310398,,2020-04-22 20:05:33
texnet2019wcmz,final,2019-11-11,10:36:45,1.4,,31.7228,0.9,-104.0199,1.0,5.5,6.5,3.7,0.3,24,20,TXNet,earthquake,Western Texas,,,,,,,,,,126.85261135585499,,2020-04-01 17:03:17
texnet2019vxsf,final,2019-11-08,19:34:16,2.2,,31.6951,0.6,-104.0747,0.9,7.0,8.0,2.0,0.3,30,21,TXNet,earthquake,Western Texas,,,,,,,,,,97.377990983847,,2019-11-08 20:23:04
texnet2019vwog,final,2019-11-08,04:26:20,1.1,,31.7113,1.3,-104.0279,1.8,6.2,7.2,4.8,0.2,8,5,TXNet,earthquake,Western Texas,,,,,,,,,,40.922208847484995,,2020-04-21 20:47:12
texnet2019vwjc,final,2019-11-08,01:49:49,2.1,,31.7099,0.8,-104.0403,0.8,6.8,7.7,2.0,0.3,25,19,TXNet,earthquake,Western Texas,,,,,,,,,,97.947399896577,,2019-11-08 14:52:58
texnet2019vwiz,final,2019-11-08,01:47:50,1.6,,31.6868,1.2,-104.0596,1.1,5.0,6.0,2.6,0.3,25,16,TXNet,earthquake,Western Texas,,,,,,,,,,133.50714718446,,2020-04-01 14:24:58
texnet2019vwcz,final,2019-11-07,22:45:28,1.1,,31.7173,1.1,-104.0264,1.3,6.1,7.0,3.3,0.3,16,11,TXNet,earthquake,Western Texas,,,,,,,,,,138.134561246325,,2020-04-22 19:56:50
texnet2019vvvb,final,2019-11-07,18:45:01,1.6,,31.6887,0.7,-104.0542,0.8,6.2,7.1,2.8,0.3,24,16,TXNet,earthquake,Western Texas,,,,,,,,,,150.20671873787998,,2020-03-31 22:29:54
texnet2019vuyw,final,2019-11-07,07:31:37,1.4,,31.7035,0.7,-104.0381,0.7,6.2,7.1,2.4,0.3,28,18,TXNet,earthquake,Western Texas,,,,,,,,,,136.24180095708,,2020-04-22 19:39:04
texnet2019vmrx,preliminary,2019-11-02,18:55:29,1.6,,31.7111,1.2,-104.0753,1.2,1.9,2.8,2.8,0.4,20,15,TXNet,earthquake,Western Texas,,,,,,,,,,123.83668482696,,2020-04-22 15:01:08
texnet2018jznn,preliminary,2018-05-23,01:02:58,1.4,,31.6943,1.4,-104.0710,1.5,0.9,1.8,6.3,0.3,9,7,TXNet,earthquake,Western Texas,,,,,,,,,,131.776248786525,,2018-05-30 16:39:05